site_id,mean_wetted_width_m,sd_wetted_width_m
ARIK,5.7121025641025645,2.9406092458160407
BIGC,3.8906666666666667,1.0763562118020205
BLDE,3.4142352941176473,1.2440993552866144
BLUE,22.95861111111111,3.259744482403164
CARI,3.0082477876106193,1.0668197860083206
COMO,1.814891891891892,0.8102660379923
CUPE,4.872858333333333,1.6330653176997496
GUIL,5.69768968456948,1.7675759125689177
HOPB,5.251868399675061,1.4856291822726557
KING,4.647719298245614,1.8768205151798236
LECO,6.545222222222222,2.106045462353174
LEWI,3.2792814814814815,0.7663896872565308
MART,4.875131313131313,1.6199864349658923
MAYF,4.609192982456141,1.1411858877955983
MCDI,4.923924731182796,2.042742930740054
MCRA,5.67609375,2.1661126584187844
OKSR,7.1363859649122805,3.085280399739697
POSE,6.106343906510851,3.7272637048383914
PRIN,4.772333333333333,1.9931424878641257
REDB,2.702589861751152,0.9827773462278955
SYCA,4.525212264150944,2.3260914878146455
TECR,2.0358030303030303,0.9388738891123579
WALK,3.4298,0.8229173213129174
WLOU,2.2164273504273506,0.6972954390191988
